channelId,title,viewCount,subscriberCount,videoCount
UCCpSTBr5nxLCyMEsyTSxNEA,Tricky Maths Education Adda,159231851,2190000,3407
UCyq_P9rDhHwLBE5CLqd2rMA,PARTH EDUCATION,85296668,1020000,13145
UC7FWT474H8a7-pLf1Tutdeg,Quality Education,69607880,705000,2683
UCKS34cSMNaXaySe2xgXH-3A,Education 4u,243861643,940000,3682
UCy6sHUcnuoUUAK4Rfl20aYA,circle of education,590887,6680,269
UCds2QbEcFXCaJ9Q16-rloyg,MH EDUCATION LAB,10836631,193000,2025
UC-TM-z1-tmX1iK_H4SxVhww,Malmesbury Education,8348243,50800,72
UC3mRefGx5AMqrMZUDKNahrA,Education Empowerment,719759,5020,283
UC_f7C43GUWhif5_yPsamdfA,Crimson Education,30533784,229000,1549
UC12JuiJvbK7D00jF8X4qJyw,StudyTube Education,34921351,396000,803
UCnP3W7Wh4gUv-bl9NX7a6_Q,Education Point Online,26250530,190000,2104
UCbaZa-dV7h9QOLzrzrY363w,Free Animated Education,13929237,144000,248
UCjeP0i4rKFarfywgtOVw6QA,Shrivastav Job Education,44708,528000,5
UCFEhLEay1zs7TAU1qsOUtdg,Krishint Education Point,4396127,57200,480
UCoqtKR3DyzMoSaMxqSyrdig,Brain Education TV,26856834,412000,653
UCTldDNXS4GeChcmwm55mXYQ,Nail Career Education,371911223,2860000,1001
UC4CicGqNhLjKV8H9wb6MaSg,Indian Teacher Education Community,109845,3200,244
UCusVeeBCblQj3zHUiPDX9NA,GAB Education,2287457,31600,481
UCwWa8EzP8vuI_hvFWOTryEg,ZeeKay Education,19513348,30200,536
UCMa5rJj8DHjXWMDmo8ISGsA,RP TARGET EDUCATION,913335,8670,811
UCtBRjzPRXhUeK88fiIzQ0DQ,Immerse Education,712703,2310,194
UCJW2DTReF-JELb_gpeVJhFw,MS Board of Education Live Stream,186047,3210,260
UC0q6WcSP-DVwX4Hgme-I3zw,KeyPoints Education,65200123,756000,506
UCuAEa5va5Pw-B8d2oM-_PGQ,Britannica Education,130024,3750,72
UCB-hXAnF8U_KMAgtAUUC7Aw,Teachings in Education,25962167,273000,424
UC4ueoq3y3BhY2lPdw6uqeQQ,Ethiopian Education,43760066,277000,1970
UCUGCX0GG09tlEemvgwwur-g,Khaira Education,1273004,9590,200
UCH6OZDSeHdJbiOxA5VhUwAg,E.C.C Education,13484003,132000,479
UCgC3zAXW6S01XgyNkj1i2Yg,School of Education,94072,1790,97
UCQP034vzXl_T_UXNo8uGQyA,Defence Direct Education,1014703839,2370000,1873
UCvKnELM6qUcwgsEADqMHk8w,MLT Education Point,34717634,402000,460
UC0M-AZjyPPnFk9OuafMmYLQ,IMB Education,12229073,103000,704
UCUEpR6_K-g-VsDp_M2NJnsw,OU Education,22421272,73200,2822
UCHfYD2Ngu39JMfRFLX10Fdg,AJ's EDUCATION SOLUTIONS,164283,1900,446
UC-9byhvAtLbYgodBD-n86Zg,Utkal All Education,2367252,57100,329
UCfANEYz13Ey2vE_ziHVHBXQ,Athena Education,1320441,64100,741
UClKDlWY7NhEFibjq1lx5_-w,Prague Education Center,14309727,101000,629
UCmjsWUTVOUWjP6kxdvsya5A,V V M Education,3616014,21500,839
UCi_rG8A7ge31P9Wlisv2XlQ,Vinu Education Point,11717642,167000,1449
UCNjLXBxN5nHriPDnRr7zp3A,Maan Education,25909810,464000,492
UCRUCjPehBxFQ6lfZDqq_f7g,Institute of Education Sciences,4407900,21100,2186
UCdp4_l1vPmpN-gDbUwhaRUQ,Branch Education,98433854,2500000,49
UCMyp5DD6JGpaGOiApHYTysQ,Department of Education Schools Manipur,10876420,132000,1239
UCeasbjVyx227l2ETO-xAssw,Free Salon Education,143032568,1080000,1407
UCyDymklPNMrOXKc3BG1dtBQ,Themantic Education,1583686,13900,149
UCYtp74jGqSdHJdIh9v61MNQ,Stanford Graduate School of Education,247402,7190,263
UCmwui2PYSOJ9L6zAD0OEagg,Om Education Unjha,25480,305,80
UC1Up4TuDvGZraQUj9vxUaxQ,Harvard Graduate School of Education,6264085,66100,1256
UCSL3Jd1qtL3RkeKCpbhOspg,DP Education - Science,39104573,390000,2238
UCG39RTGd380JWqV99b6KxnA,Khan Education Hub,226071,3920,213
UC6hjOyoJnB1PIxl8HszMt8g,Soni Traveling,15736788,85700,484
UC-JFCYHPWDWhTe2RzAwfgrQ,Travel With AB,64560780,390000,381
UC3o_gaqvLoPSRVMc2GmkDrg,Expoza Travel,75780654,252000,2435
UCqa5gDXXxK0M8gr8WadV4yw,Travel Kids,9171112,45000,214
UCktbDpSgC_JJX3APNNbVMWA,Talkin Travel,12156187,110000,325
UClMdFZYKHq1apvwboacydtw,Inder khushi Travel Vlogs ,902997,23400,66
UC6OjooeFqsuH1kVOTEAxjIA,Punjabi Travel Couple,308898643,978000,1019
UCAjA4SbeRNqig8NdNszDBsA,DW Travel,68634241,379000,1474
UC7nbOXnwrSCPGfy3bml5L1g,eva travel,114340122,280000,996
UC8-P4mzYYPcjitkBs_YsmDA,Travel with Tejasvi,11288243,47600,256
UCzNiyMcMKsrQT-95xsj3VHA,Traveling Book,2803100,19400,172
UC-Rx9HRmDoc5YmtcPOopmrA,Travel Beans,56971700,379000,618
UCME-uQDMlInGIFuC0-9ZrgQ,Budget food & travel,47666835,419000,259
UCYxsXxbjJO1YYa9yQ3lKC8w,Luxury Travel Expert,317070977,1330000,603
UCU2LTDwLnH6RZPnVWD2hLqA,Welcome to Travel,439813,6730,80
UCWUN23k_fPGFVYwVO7p-uWQ,Travel With Koushik,227152521,987000,553
UCWNjN-Ntmckg2w8TtflpfXA,STEP TO TRAVEL GOA,15833666,98600,637
UCTrwpTSNhisr32rXpPUACkw,SLICE Travel,11443458,84100,663
UCKuA6aa8NPPgCKqaSvBeX_g,AS with Travel,1695576,12800,229
UCrBPPGyR_7aOd882VpMRkRg,DREAM AND TRAVEL,38814795,201000,741
UCUJNWCiqMT_UudVRSSGZ3SA,Travel Alone Idea,254176810,1520000,30
UCTFz3noLGUS4vsuJvObRtuw,Traveling Mondays,46910833,587000,218
UCG-VB59t_VaVB7asdArTqdQ,Aditya's Travel Tales (Telugu),437883,1180,300
UCXMeQFZaNWnF7l8iHrLxxEQ,My Travel Support,116761738,531000,433
UCDa5_HJ3qPkDtbRmdlqBD3g,Kuga's Travel,100664154,458000,200
UCHKVXtT1YBCYUnnr4apqXfg,Travel Thirsty,3899849878,8150000,974
UCqo_tUOxG5ew4ghkSYw1hSQ,Travel with Mom,28511,86,47
UCwzfmK3YWOGPjrF0UDvzQ-Q,The New Travel,54349761,384000,450
UCLxAS02eWvfZK4icRNzWD_g,Music Travel Love,2375003642,5760000,110
UCBWVn5UkZqhQBdw1FHnGdpg,TARDY TRAVEL,29176079,104000,160
UCBElRVEL-H0eDYdL2mb1Sng,Travel with AK,242715656,1280000,311
UCrcHYfph5Q1owBdVp7-1LTg,Travel Alone India,3395427,17400,149
UCEZKpVw6ldXNVU4Ua6IFwTw,Travel Tips by Laurie,84441455,389000,580
UCBMjORco1vbZmC1cf_xnEmg,Fit and Travel,160289408,1520000,299
UCAzrrxH_Z3gJMcyq0D8ff8w,Offbeat Travel,2382625,12800,244
UCpjs8ca_snn1pWB4ZICRzvg,Travel With OTA EXPERT,86886467,481000,785
UCyT3tpNGGQRxQHZmr-muOfA,ViX Travel Films,11075276,53500,547
UC9ykRiM3WYAbsaUupoXsNSg,Travel Heart,9691402,68300,261
UCRoX4taJZz5R8fAQhysmIhw,Travel Forever : Вячеслав и Ирина Юмабаевы,30088136,164000,291
UCOcODf_C8dXo-sFDQHWXdAA,Travel Evergreen,17348529,49700,1131
UCPur06mx78RtwgHJzxpu2ew,Wind Walk Travel Videos ʬ,65440151,236000,621
UCUo7t7vYRnKCADziEey84fA,Travel Town Holidays ,38286,8590,46
UCmk6QS9q8xQvxHoup-5tQig,SUKIYAKI TRAVEL JAPAN,17273608,100000,127
UCpcEmGvsCgl1A4oA3n55-dg,Harish Bali Travels,39717781,184000,212
UCQwXtYkGD3T3LxBKhhn74nA,DustBugs Travel,16825219,53700,678
UCeoRAN5sr02w8_9aFWxIM4g,Tech Travel Eat by Sujith Bhakthan,793493099,2280000,2412
UC6mGGOrc7LEOm_WbaJGqOPA,Travel With SoMi,1142208,5150,349
UCkpm-wL7mUqPMTlFma8TOUg,Kamil - In Travel,101547539,586000,585
UC6n_HeL8xgWIQsKsWs4KO4w,TRACKS - Travel Documentaries,134368492,731000,820
UCuDdJRJ6qR-wGILbpq-FXCw,スーツ 旅行 / Suit Travel,426390561,1100000,708
UCpfXVjy3p5qfR_7EoKpQirQ,The Frustrated Gamer,1928131556,3350000,2885
UCbuhrs2MVHtt_iyGtfwWlxA,IJustWantToBeCool GAMING,113311388,219000,413
UC97XthQ7oIOfAWIGPoyFDYQ,Legends of Gaming NL,197906120,535000,820
UCcUx57h8_raPvjJ1JPriJIQ,DarkBlock Gaming,2824625,19400,184
UCdNSCQOvY6CNtMEB_Gan_IQ,Suggestive Gaming,108004853,410000,306
UCNL6sUET_O5MYNqESOIIBpw,CarbonFin Gaming,200695279,508000,2172
UCYGP_xER6wvSvWyk4CNOGNQ,The Clashers Gaming,76861744,264000,535
UCmlqW3C9C0_gA0LufzbHfKg,Legacy Gaming,134851481,495000,1981
UCJ2ZDzMRgSrxmwphstrm8Ww,Smosh Games,3620776510,8230000,3999
UC9PD3EIAA-vtGLZgYXG3q0A,Frostbite Gaming,3733646764,5430000,3348
UCo0NaLsgPT6JrQLQGecpMyw,G for Gaming,456680281,1200000,330
UC5S0zPiz9-zZJ6WTV3YfE9w,Dave Gaming,120022561,218000,6634
UCc3Sb5CGunxWqF5BSkJI3iA,Bruno&Joel Gaming,24238983,247000,28
UCv5gQgP_uGbJxImWVoUC_Ng,Onespot Gaming,1613508099,3560000,2967
UCvO9Xk3bheuxEemvknCj72g,WhatCulture Gaming,959192520,1710000,6614
UCzOOj0KTSVUWVHswnP4W6nw,GAMING INVESTIGATORS - HUBSON,22544636,95800,178
UCIPPMRA040LQr5QPyJEbmXA,MrBeast Gaming,9293330808,48900000,151
UCnbvPS_rXp4PC21PG2k1UVg,Gaming Historian,143989420,1090000,144
UCDBCCMlFD-hArPbWv38FINA,Daz Games,3087455722,9240000,1678
UC1R3yteq3HoSUIHQ7hp65XQ,Nessaj Gaming,192151748,428000,3392
UCNoiWmvkDUL0q-6ECxNFH0Q,JONATHAN GAMING,696661545,7250000,499
UCtSP1OA6jO4quIGLae7Fb4g,Rocket Beans Gaming,303504612,358000,8275
UCGOR7gZunIWOnKuX1cC0bEg,GMi Gaming,583747471,780000,1606
UCY-_QmcW09PHAImgVnKxU2g,SQUEEZIE GAMING,2581892352,5020000,1417
UCUEBwthcpWBTQXscn8bpS6Q,Boomstick Gaming,119832417,384000,731
UCvwd8ip8psK850ocD-Re3Fg,Tribe Gaming,319650598,924000,1031
UC_rVZCm-6E4y5qw5rtq9TbQ,Gaming Follow,251724751,1330000,665
UCcsL06xD4HLPWMQPDwcdjyQ,DARLUNG GAMING,1418468898,2570000,1844
UCYQ8oHPbnZ1sLBjiCSdP8ZQ,ARTA GAME,2401912342,5800000,2153
UC6zzlBIwNS9GJZZ3rBx_WhQ,Hudson's Playground Gaming,2189950212,1900000,699
UCXaFhaxwH3ASTgwwKL4Kt2Q,Yippi Gaming,2209313469,6560000,1599
UCE9LtVaTm5PhbgHfH_AvHkg,Brandon Stilley Gaming,29961125,140000,537
UCemhZ2At2lgifTJLClGCz9A,Royalty Gaming,1288535674,7350000,176
UCFBapHA35loZ3KZwT_z3BsQ,Game Two,245900352,523000,1279
UCcV7uqrrMUF3njRuo5WMFwA,Guzmancitos Gaming,48704001,232000,17
UCnQ4TDbESxZ47uBH6cB_Nrg,K-City Gaming,1133620614,1670000,627
UCe--4YIC6r3rbXbNykocCrg,Selena Gaming,436560492,1430000,1894
UC3S6nIDGJ5OtpC-mbvFA8Ew,Orange Juice Gaming,2154006399,3600000,3569
UCuoChnnMFW_eD0xFGBXewxA,Zamfam Gaming,103332768,1110000,87
UCEQ7KR9enYdQsB6kcMnw0NA,Mortismal Gaming,127114235,422000,1972
UCo_IB5145EVNcf8hw1Kku7w,The Game Theorists,4549159482,19600000,812
UCvmTVIw2ZCJg49XHR0OoSAg,放課後 GAMING LIFE,392141290,1370000,840
UC2ArKq3GKdiA6ufRwE2NytQ,ND Gaming,707894435,1180000,3779
UCFx8S2YX4DFTYicIOV5PQag,Insane Gaming With Mayank,148702254,810000,709
UCwGJSGqTaFPNTtRmn_daz4Q,MR SAJAL GAMING ,2472859,24000,236
UCGo-tjf3PYvapeSCtP0rJEA,Ultra Gaming,116399336,86800,1021
UCGGF6J6IUgB_K2_y2Rwh2Cw,Skvala Gaming,64304210,257000,1097
UCv4nV-5vaqKvtLj8IUEwd9A,RISHI GAMING,559136775,4090000,783
UCATWC1JSlhzmYeDbjnS8WwA,Senpai Gaming,97671794,714000,588
UCCPWi_OwWMR5JTiujn7v-7g,Tamil Gaming தமிழ் கேமிங்,205017189,541000,3475
UCdegm7Y2AePJhkkmWCyYEwg,Rajshri Food,655058032,3350000,2025
UCRIZtPl9nb9RiXc9btSTQNw,Food Wishes,1126719269,4630000,2443
UCzyN_JSs95aDgDFrfOxagEw,Food Story,181183362,437000,2262
UC3X1vPZSNgfA4HUjwtPlePw,Flavours Of Food,313070667,1330000,1146
UCwSPpHFbgl2MRlzmALTcvzg,Food For Foodies,51852403,297000,779
UCREvoVa8jYvFoMmuWRgy9oA,Valerie's Food,16293252,108000,593
UClU1_8hUFeixVByX_MG5pMg,Soul Food Cooking,27958836,266000,500
UCHUn2GT4DD2vM9QB0vTUmWg,Food Impromptu,70431169,611000,148
UCfE5Cz44GlZVyoaYTHJbuZw,Guga Foods,978740458,5300000,557
UCldES24kcvABucv6BBWGwGw,Food and Frolic,639562541,855000,660
UCPQErRghCrtrbWOYiJA3okw,PBS Food,30180365,252000,537
UC-Lq6oBPTgTXT_K-ylWL6hg,Food Lovers TV,387309301,1200000,1237
UC1VkNUPA6ieOuwXmk4SSJZw,Food with Chetna,32896503,339000,1320
UCBSwcEOp0PMwhvE6FVjgITw,Vismai Food,2316544079,4820000,2129
UCh2D2ss44sKdb6l7iGU7eLg,The Whole Food Plant Based Cooking Show,24112299,429000,549
UC-j7LP4at37y3uNTdWLq-vQ,Village food factory,1029099905,4750000,506
UCqpsITAmYlQttezQ7puHwNQ,Food Fusion Kids,12901312,235000,52
UCHPKIXAkP3VuBLgmYe9dHPg,The Tiny Foods,1292716452,3960000,216
UCJVYeaSDLbmzRWTYMdHLoOg,PICHEKKISTA BOBBY FOOD,182090238,990000,324
UCKzaxarMbfMwyFRafHcrXVA,Food Network Italia,25101257,133000,1656
UCNaq5Jh4SQ1oBAjhQ0KPhoA,Weird History Food,112316191,709000,353
UC93iVjVDI3-XvHmtpNslMrw,DW Food,45056233,205000,462
UCCyR9oAyHGSvZnYoGv3Qu1Q,Japan by Food,22275660,220000,483
UCQroRFb1JnNLmma4PEEFJgw,Kashmir Food Fusion,59248837,382000,906
UCE-NIVMcV8A2GwGcCYLSMDQ,Food is Love,54778608,463000,433
UCMRWL27r9gxG7wYEj-H7X9w,Banijay Food,12396124,59400,461
UCwv2LUh9Px6TZs0IThk7r6Q,My Food Story,7010902,36100,644
UCYKOVifkVGku5nojWU_Uc5g,Food Network Japan,25182387,129000,162
UCvUOKHkiWnvZUyMk6ALvFtQ,Food and Foot,35631966,135000,436
UC8Y-jrV8oR3s2Ix4viDkZtA,Food Network,1050442846,3050000,7605
UCa0W6oFfZZjg6cnCks39THg,Traditionally Modern Food,28873531,84600,1720
UCBCioqx1WWawmS-jsNElmrw,Healthy Food Kitchen,137853751,625000,1027
UCcAd5Np7fO8SeejB1FVKcYw,Best Ever Food Review Show,3000580221,11700000,785
UCdz7HcTQOaHCoAEJBs-MlNQ,찐푸드 JJin Food,1213379942,3160000,834
UC4BfinFCS1o6t1tAsl0RVWQ,푸드킹덤 Food Kingdom,2824681672,5220000,1810
UC-P5wGpW529FNfnQxJvCXEg,Dindigul Food Court,752340792,2150000,1803
UCbgYZnybgb6vPSBTxZUT2kA,Veg Village Food,2013188041,6450000,657
UCwiTOchWeKjrJZw7S1H__1g,Insider Food,2171031167,5140000,2120
UCuqBZWK9Wrol_4Y22DzisFQ,Food Fusion,1813385462,5160000,4536
UCl0kP-Cfe-GGic7Ilnk-u_Q,Everyday Food,234634315,1730000,1966
UCfyehHM_eo4g5JUyWmms2LA,Sorted Food,1336205131,2900000,2674
UCTmEgdYwAsORjFx6GRaLWtw,TODAY Food,21673037,29500,2000
UCXw1ddyrUmib3zmCmvSI1ow,More Best Ever Food Review Show,823462431,3450000,442
UCe2JAC5FUfbxLCfAvBWmNJA,Your Food Lab,1530329869,6800000,1660
UCwVIj-OqEjXNqKpItChRrMQ,Turkish Food Travel,72698765,742000,696
UCuSD-BXA1p8S3HfE8LsEkHA,Village Food Channel,1955573816,9050000,533
UClc-lw3O3uNvdVVuiUd2KCA,Roza Food Rail,91601032,273000,181
UCdupQvA3NlGfyaPaZKWSgTA,Meghna's Food Magic,262431474,1460000,1958
UCxwXbvlHDz0pU1R_M2eL4vw,FOOD☆STAR フードスター,133786310,583000,223
UCnDaAs5_3WXEY_GF3MJ6lyA,Los Angeles Times Food,6776858,58500,230
UClUA1p4Cyzz2IMJoXCQu6eQ,Art History School,8278738,182000,63
UC3A1YpJ0bDaLB2yjKOGPIjw,Contemporary Art Issue,10712947,171000,217
UCVJ5hHQMXBiRwNv394EOj_w,Art with Flo,173900992,1180000,667
UC0DAJW9IjtV4lIz7dDVDBFA,SurajFineArts - Abstract ART,669810809,3130000,2413
UCSl51TSNCxLQJqLTQp0B6Cg,Kirsty Partridge Art,100307999,1420000,351
UCfcygBmCElEhdnoMRlJV33A,Amie Howard Art,4250295,53000,409
UCA6nihIIUaHhmTJREhcMGvw,Joni Young Art,52858009,454000,1305
UCNJHUm49kbu3UiSF_VFHF_g,Sanju Arts,426642567,1330000,1149
UCV7PEz8F9pwLksoAtPzHB5w,Createful Art with Ashley Krieger,9143326,155000,362
UC34UHLCnF8Iy6GSZVqDdCXg,YNV art,19375854,201000,279
UC2UxGhphfYS2wfB7cx4MZuQ,ART BEE,653023201,1490000,1422
UC2uvC1O7sNJX7j91teamHEg,Alisa Art,49788313,203000,76
UC6__E-Qg9kZIDa8yMn8UDig,ART and LEARN,437062866,1350000,1080
UCR2NlUr0yPuqRxZN_7ItHog,Art with Mati & Dada,10115857,62800,40
UCeAvBShy5a2_vTFflQG_zWg,Tiktus color Art,174760422,909000,403
UCJmcsSNRPYjXoh8EwmhXB7A,Emily Olson Art,10919858,169000,504
UCG19ZyhUNbkPzU105yq8Rgw,Art Prof: Create & Critique,25039858,230000,2403
UCePDFpCr78_qmVtpoB1Axaw,Great Art Explained,60215386,1740000,72
UCFM9kCrxJ9R571t2cTdIA_Q,HamRib Art,22066278,444000,232
UCB9berO64_friwLRsKQ9fag,Fine Art Academy,62948413,598000,549
UCPeU6ucpON9procFsL7e5Sg,Renso Art,7199649,82100,642
UCe2-08Jqy85scSe5lGXPCvQ,Emily Mackey Art,11682799,266000,157
UCNGvN8x14FS1fyYIiWsAbMA,Tammy Anderson Art,17977621,202000,768
UC2GS74txP1QN_pa3Svh1uHA,kaiteki ART,69450430,721000,355
UCtFSeQTTjc9w_t9EycG4gPA,Art Arena,363175970,2630000,873
UCCIAqclD734YUJLUXH80tCA,Jason Morgan Animal Art Lessons Draw / Paint,8830648,106000,676
UCHQLjMh1FiY1W3oHhsnOxoA,Andrea Nelson Art,27160380,213000,315
UCABmiwPsSeLj4M3IcuRUamg,Rainbow Parrot Art,2039965,19500,134
UCo-WcbYJeYrORqnVTzBoApA,KQED Art School,14987189,115000,51
UCMJyHCbGKnUhpuPP0jsZV-w,Katie Jobling Art,25990025,414000,426
UCSrNQJeH1sa3xyyO9GiJ0EA,Syndia Art,4783820,60600,311
UC5XMF3Inoi8R9nSI8ChOsdQ,Art for Kids Hub,3425517530,9650000,3036
UCOM96DQ5RLFln-yGsp29l1A,Grace J Art,18459277,240000,156
UCZJrzCWI7L2oGl26n4zvSNQ,NAMIL ART,20103125,163000,1735
UC1m_wJF-qJ_VnPQKNahOmjQ,Tonni art and craft,9387254725,19100000,1806
UCzzCo7lZGJ-sTCgpI7BJKEg,Let's Make Art,22186735,239000,1310
UC-K2dAF6o-4grg_HpUVNJVQ,Mukta Art & Craft,2937197587,7330000,1902
UCErX4CQeesrYOs03fufBiHQ,Ventuno Art,264075360,1480000,3175
UCRH4YWhFhLYuHBcx-9Lg14w,Milan Art Institute,6417125,124000,217
UCYXRubrOzFv3oHT4M2RLq2Q,Art Land,234037248,637000,2744
UC0lLeNdvLrFozQRsQ1TQiAw,The Art of Aaron Blaise,45596289,1250000,830
UCjkGAyhG0Q6H4_gzdfTMg-g,Joony art,145297057,1150000,1466
UCgoZdnwxQzre7zjApoBl7og,Lachri Fine Art,28298544,350000,945
UCytynWlABGhkN_BboM5mHBg,Art Ninja Official,2615389,24600,71
UCIZEjA3Mp23QE53w2i3KAbw,Easy Art,640676920,3170000,1864
UCdZutxI1UnH9N3Fh_TeQ4Kw,Wow Art,599109629,3890000,445
UCtoIqaAuvP6rWCvFOdxKVpA,Chloe Art,331569320,1500000,1161
UCCPqEyMiKunljLC7VcvSybg,「アートと出会う」現代アート専門番組【MEET YOUR ART】,7442813,84300,779
UCcPwxSPBVQFFPzrhFeOOAHg,Sergio Aranda ART,13952598,142000,294
UCCle2a6He6XL06CzgySppuA,Y.V.N Art,63268359,718000,419
